osuked_id,esail_id,gppd_idnr,name,sett_bmu_id,longitude,latitude,fuel_type,capacity_mw
10000,MARK,,Rothes Bio-Plant CHP,"E_MARK-1, E_MARK-2",-3.6035160000000004,57.480403,biomass,
10001,DIDC,,Didcot A (G),"T_DIDC1, T_DIDC2, T_DIDC4, T_DIDC3",-1.26757,51.62363,coal,
10002,ABTH,GBR1000374,Aberthaw B,"T_ABTH7, T_ABTH8, T_ABTH9",-3.404866,51.387312,coal,1586.0
10003,COTPS,GBR1000142,Cottam,"T_COTPS-1, T_COTPS-2, T_COTPS-3, T_COTPS-4",-0.648193,53.245495,coal,2008.0
10004,DRAXX,GBR0000174,Drax,"T_DRAXX-1, T_DRAXX-2, T_DRAXX-3, T_DRAXX-4, T_DRAXX-5, T_DRAXX-6",-0.626221,53.748711,"coal, biomass",1980.0
10005,EGGPS,GBR1000147,Eggborough,"T_EGGPS-1, T_EGGPS-2, T_EGGPS-3, T_EGGPS-4",-0.8349610000000001,53.709714,coal,1960.0
10006,FERR,,Ferrybridge C,"T_FERR-3, T_FERR-4, T_FERR-1, T_FERR-2",-1.032715,53.735716000000004,coal,
10007,FIDL,,Fiddlers Ferry,"T_FIDL-1, T_FIDL-2, T_FIDL-3, T_FIDL-4",-2.823486,53.350551,coal,
10008,FIFO,,Fifoots,"T_FIFO-13, T_FIFO-14, T_FIFO-15",-2.970539,51.549071000000005,coal,
10009,LOAN,,Longannet,"T_LOAN-1, T_LOAN-2, T_LOAN-3, T_LOAN-4",-3.4387209999999997,56.0475,coal,
10010,LYNE,,Lynemouth Generator,"E_LYNE1, E_LYNE2, E_LYNE3",-1.52083,55.20417,coal,
10011,RATS,GBR1000496,Ratcliffe on Soar,"T_RATS-1, T_RATS-2, T_RATS-3, T_RATS-4",-1.219482,52.855864000000004,coal,2000.0
10012,RUGPS,,Rugeley B,"T_RUGPS-6, T_RUGPS-7",-1.94458,52.729639,coal,
10013,USKM,GBR2000811,Uskmouth,"T_USKM-13, T_USKM-14, T_USKM-15",-3.043213,51.611195,coal,230.0
10014,WBUPS,GBR1000143,West Burton A,"T_WBUPS-1, T_WBUPS-2, T_WBUPS-3, T_WBUPS-4",-0.53833,53.363665000000005,coal,2012.0
10015,COCK,,Cockenzie,"T_COCK-1, T_COCK-2, T_COCK-3, T_COCK-4",-2.968404,55.968502,coal,
10016,DRKPS,,Drakelow,"T_DRKPS-9, T_DRKPS-10, T_DRKPS-12",-1.6568049999999999,52.773607999999996,coal,
10017,HMRPS,,High Marnham,"T_HMRPS-1, T_HMRPS-2, T_HMRPS-3, T_HMRPS-4, T_HMRPS-5",-0.792565,53.22902,coal,
10018,IRNPS,,Ironbridge B,"T_IRNPS-1, T_IRNPS-2",-2.504883,52.603048,coal,
10019,KINO,,Kingsnorth,"T_KINO-1, T_KINO-2, T_KINO-3, T_KINO-4",0.6027020000000001,51.418946999999996,coal,
10020,TILB,,Tilbury B,"T_TILB10, T_TILB-7, T_TILB-8, T_TILB-9",0.391677,51.454926,coal,
10021,BAGE,GBR1000312,Baglan Bay,"T_BAGE-1, T_BAGE-2",-5.031738,51.720223,gas,520.0
10022,BARK,,Barking 2 MGT stage 1,T_BARK-1,0.153809,51.556582,gas,
10023,BARKB,,Barking 2 MGT stage 2,T_BARKB2,0.147,51.521,gas,
10024,BRYP,GBR2000125,Barry,E_BRYP-1,-3.3398440000000003,51.37178,gas,235.0
10025,AESB,,Barry (Under AES Ownership),E_AESB-1,-3.228712,51.408134000000004,gas,
10026,BRGG,GBR2000126,Brigg,E_BRGG-1,-0.32959,53.442264,gas,150.0
10027,CARR,GBR2000124,Carrington,"T_CARR-1, T_CARR-2",-2.504883,53.455349,gas,900.0
10028,MPGEN002,GBR1000113,Castleford CCGT,2__MPGEN002,-1.3430389999999999,53.73191,gas,56.0
10029,CNQPS,GBR1000492,Connahs Quay,"T_CNQPS-1, T_CNQPS-2, T_CNQPS-3, T_CNQPS-4",-3.080651,53.231871,gas,1380.0
10030,CORB,GBR1000077,Corby,E_CORB-1,-0.86792,52.247983000000005,gas,401.0
10031,COSO,GBR1000211,Coryton,T_COSO-1,0.8349610000000001,51.542919,gas,800.0
10032,CDCL,GBR1000493,Cottam Development Centre Limited,T_CDCL-1,-0.86792,53.219191,gas,395.0
10033,DAMC,GBR1000465,Damhead Creek,T_DAMC-1,0.549316,51.460852,gas,805.0
10034,DEEP,GBR2000262,Deeside,T_DEEP-1,-3.208008,53.140181000000005,gas,515.0
10035,DIDCB,GBR1000369,Didcot B,"T_DIDCB5, T_DIDCB6",-1.26757,51.62363,gas,1470.0
10036,EECL,GBR1000494,Enfield Energy,T_EECL-1,-0.022763,51.662337,gas,408.0
10037,FIFE,,Fife CCGT,T_FIFE-1,-3.3061,56.1689,gas,
10038,GYAR,GBR1000370,Great Yarmouth,E_GYAR-1,1.625977,52.596375,gas,420.0
10039,KEAD,,Keadby,T_KEAD-1,-0.494385,53.585983999999996,gas,
10040,KILNS,GBR1000500,Killingholme 1,T_KILNS-1,-0.25511,53.65951999999999,gas,600.0
10041,KILLPG,,Killingholme 2,"T_KILLPG-1, T_KILLPG-2",-0.25511,53.65951999999999,gas,
10042,KLYNA,,Kings Lynn,E_KLYN-A-1,0.380117,52.727256000000004,gas,
10043,LAGA,GBR1000073,Langage,T_LAGA-1,-3.966064,50.492463,gas,905.0
10044,LBAR,GBR1000371,Little Barford,T_LBAR-1,-0.230713,52.221070000000005,gas,720.0
10045,MRWD,GBR1000311,Marchwood,T_MRWD-1,-1.351318,50.903033,gas,842.0
10046,MEDP,GBR1000437,Medway,T_MEDP-1,0.889893,51.378638,gas,700.0
10047,PEMB,GBR1000372,Pembroke Power Station -,"T_PEMB-11, T_PEMB-21, T_PEMB-31, T_PEMB-41, T_PEMB-51",-4.996378,51.684368,gas,2180.0
10048,PETEM,GBR2000128,Peterborough,E_PETEM1,-0.204697,52.57694,gas,240.0
10049,ROCK,GBR1000212,Rocksavage,T_ROCK-1,-2.5927729999999998,53.330873,gas,810.0
10050,ROOS,,Roosecote,E_ROOS-1,-3.153076,54.156001,gas,
10051,RYHPS,GBR1000466,Rye House,T_RYHPS-1,-0.285645,51.815407,gas,715.0
10052,SCCL,GBR2000263,Saltend South,"T_SCCL-1, T_SCCL-2, T_SCCL-3",-0.13183599999999998,53.83308100000001,gas,1200.0
10053,SEAB,GBR1000480,Seabank,"T_SEAB-1, T_SEAB-2",-2.614746,51.481383,gas,410.0
10054,SVRP,GBR1000313,Severn Power,"T_SVRP-10, T_SVRP-20",-3.065186,51.740636,gas,850.0
10055,SHOS,GBR2000769,Shoreham,E_SHOS-1,-0.252686,50.882243,gas,420.0
10056,SHBA,GBR1000074,South Humber Bank,"T_SHBA-1, T_SHBA-2",-0.13183599999999998,53.618579000000004,gas,1310.0
10057,SPLN,GBR0006165,Spalding,T_SPLN-1,-0.252686,52.81604300000001,gas,880.0
10058,STAY,GBR1000373,Staythorpe,"T_STAY-1, T_STAY-2, T_STAY-3, T_STAY-4",-0.98877,53.041213,gas,1772.0
10059,SUTB,GBR2000518,Sutton Bridge,T_SUTB-1,0.09887699999999999,52.623059999999995,gas,819.0
10060,TESI,GBR0002514,Teesside,"T_TESI-1, T_TESI-2",-1.1302159999999999,54.573479000000006,gas,62.0
10061,MPGEN001,GBR1000115,Thornhill CCGT,2__MPGEN001,-1.655244,53.677085999999996,gas,50.0
10062,WBURB,GBR1000141,West Burton B,"T_WBURB-1, T_WBURB-2, T_WBURB-3",-0.53833,53.363665000000005,gas,1332.0
10063,WINN,,nan,E_WINN-1,-2.534686,53.266177,gas,
10064,DERW,,Derwent,E_DERW-1,-1.3994440000000001,52.905812,gas,
10065,FAWN,,Fawley Cogen,E_FAWN-1,-1.3514329999999999,50.830366999999995,gas,
10066,FELL,GBR1000317,Fellside,E_FELL-1,-1.3514329999999999,50.830366999999995,gas,180.0
10067,GRAI,GBR1000495,Grain CHP,"T_GRAI-6, T_GRAI-7, T_GRAI-8, T_GRAI-1, T_GRAI-2, T_GRAI-3, T_GRAI-4",0.703125,51.474540000000005,"gas, oil",1404.0
10068,GRMO,,Grangemouth CHP Ltd,T_GRMO-1,-3.0322270000000002,55.930741000000005,gas,
10069,HYTHE,,Hythe CHP,E_HYTHE,,,gas,
10070,HUMR,GBR1000517,Immingham CHP,T_HUMR-1,0.0,53.690201,gas,1240.0
10071,DPGEN001,GBR1000114,Sandbach CHP,2__DPGEN001,-2.405816,53.165426000000004,gas,56.0
10072,SHOT,,Shotton CHP,E_SHOT-1,-3.03265,53.23375,gas,
10073,SLOUG,,Slough,E_SLOUG,-0.626267,51.523953000000006,gas,
10074,DPGEN002,,Stoke CHP,2__DPGEN002,-2.1903330000000003,52.990359,gas,
10075,DICI1,,Weaver Power Station,T__DICI002,-2.7254099999999997,53.31544,gas,
10076,DICI2,,Weston Point Power Station,T__DICI001,-2.7254099999999997,53.31544,gas,
10077,ALDMG,,Aldershot Military Generator,E_ALDMG-1,0.7598,51.2599,oil,
10078,ABERDARE,,Aberdare District Energy,E_ABERDARE,-3.4492599999999998,51.711177,gas,
10079,BENIG,,Bentinck,E_BENIG-1,-1.270137,53.090486,gas,
10080,BRIDGWTR,,Bridgewater District Energy,E_BRIDGWTR,-3.005964,51.127515,gas,
10081,CAYTG,,Caythorpe,E_CAYTG-1,-0.203475,54.086555000000004,gas,
10082,FAWLG,,Fawley,"T_FAWL2G, T_FAWL1G, T_FAWL3G, T_FAWL4G",1.328881,50.816696,"gas, oil",
10083,FDUN,,Fort Dunlop,E_FDUN-1,-1.3514329999999999,50.830366999999995,gas,
10084,LBARG,,Little Barford OCGT,T_LBAR-1G,-0.2689,52.2045,gas,
10085,PEHEG,GBR2000723,Peterhead GT,"T_PEHE-3G, T_PEHE-4G",-1.788879,57.477213,gas,1180.0
10086,PYEBG,,Pye Bridge,E_PYEBG-1,-1.349033,53.07139300000001,gas,
10087,REDGT,,Redditch,E_REDGT-1,-1.932818,52.300184,gas,
10088,SEVINGTN,,Sevington District Energy,E_SEVINGTN,0.907475,51.128007000000004,gas,
10089,SOLUTIA,,Solutia District Energy,E_SOLUTIA,-2.9983234,51.5877364,gas,
10090,ABTHG,GBR1000375,Aberthaw B AGT,"T_ABTH7G, T_ABTH8G, T_ABTH9G",-3.404866,51.387312,oil,51.0
10091,COWE,GBR1000376,Cowes,"E_COWE1, E_COWE2",-1.2864,50.7459,oil,140.0
10092,DIDCG,GBR1000377,Didcot A AGT,"T_DIDC1G, T_DIDC2G, T_DIDC3G, T_DIDC4G, E_DIDC1G, E_DIDC2G, E_DIDC3G, E_DIDC4G",-1.26757,51.62363,oil,100.0
10093,DRAXXG,GBR1000112,Drax AGT,"T_DRAXX-10G, T_DRAXX-12G, T_DRAXX-9G",-0.9990209999999999,53.737545999999995,oil,75.0
10094,FERRG,GBR0000116,Ferrybridge C AGT,"T_FERR-5G, T_FERR-8G",-1.2805799999999998,53.7174,oil,79.0
10095,FIDLG,,Fiddlers Ferry AGT,"T_FIDL-2G, T_FIDL-3G",-2.687,53.372,oil,
10096,GRAIG,GBR1000497,Grain AGT,"T_GRAI1G, T_GRAI2G, T_GRAI3G, T_GRAI4G, T_GRAI5G",0.715028,51.445181,oil,56.0
10097,INDQ,GBR1000150,Indian Queens,T_INDQ-1,-5.064697,50.373496,oil,140.0
10098,KEADGT,,Keadby GT,T_KEADGT-3,-0.494385,53.585983999999996,oil,
10099,KINOG,,Kingsnorth AGT,"T_KINO1G, T_KINO4G",0.6027020000000001,51.418946999999996,oil,
10100,LITTDG,,Littlebrook D AGT,"T_LITTD1G, T_LITTD2G, T_LITTD3G",0.24166700000000002,51.465278000000005,oil,
10101,PEHE,,Peterhead,"T_PEHE-1, T_PEHE-2",-1.867676,57.527621999999994,oil,
10102,RATSGT,,Ratcliffe on Soar AGT,"T_RATSGT-2, T_RATSGT-4",-1.219482,52.855864000000004,oil,
10103,RUGGT,,Rugeley B AGT,"T_RUGGT-6, T_RUGGT-7",-1.94458,52.729639,oil,
10104,TAYLG,GBR1000499,Taylors Lane,"E_TAYL2G, E_TAYL3G",-0.2575,51.54600000000001,oil,144.0
10105,TILBG,,Tilbury B AGT,"T_TILB0G, T_TILB7G, T_TILB8G, T_TILB9G",0.391677,51.454926,oil,
10106,WBUGT,GBR1000146,West Burton AGT,"T_WBUGT-1, T_WBUGT-4",-0.53833,53.363665000000005,oil,40.0
10107,CASBEU,,Beauly Cascade,M_CAS-BEU01,-4.552586,57.444705000000006,hydro,
10108,CLAC,GBR1000401,Clachan Power Station,E_CLAC-1,-4.918736,56.277573,hydro,40.0
10109,CASCLU,GBR1000405,Clunie Cascade,M_CAS-CLU01,-3.7783550000000004,56.716947999999995,hydro,61.2
10110,CASCON,,Conon Cascade,M_CAS-CON01,-4.830066,57.619203000000006,hydro,
10111,CWMD,,Cwm Dyli,E_CWMD-1,-4.0114730000000005,53.065902,hydro,
10112,DOLG,,Dolgarrog,E_DOLG-1,-3.8426739999999997,53.191545,hydro,
10113,DOLGH,,Dolgarrog,E_DOLG_H,-3.8426739999999997,53.191545,hydro,
10114,DOLGL,,Dolgarrog,E_DOLG_L,-3.8426739999999997,53.191545,hydro,
10115,ERRO,,Errochty G,"T_ERRO-1, T_ERRO-2, T_ERRO-3",-3.790283,56.734649,hydro,
10116,FASN,,Fasnakyle G,"T_FASN-1, E_FASN-2, T_FASN-2, E_FASN-3, T_FASN-3, E_FASN-4",-4.793703,57.325887,hydro,
10117,FINL,,Finlarig,T_FINL-1,-3.614502,56.279961,hydro,
10118,CASGAR,,Garry Cascade,M_CAS-GAR01,-5.289194,57.066143000000004,hydro,
10119,GLNDO,GBR0000388,Glendoe,T_GLNDO-1,-5.174561,57.15411999999999,hydro,100.0
10120,CASKIL,,Killin Cascade,M_CAS-KIL01,-4.3077510000000006,56.470679000000004,hydro,
10121,MAEN,,Maentwrog,E_MAEN-1,-3.9730260000000004,52.920708,hydro,
10122,CASMOR,,Moriston Cascade,M_CAS-MOR01,-4.962463,57.144936,hydro,
10123,NANT,,Nant,T_NANT-1,-5.2514650000000005,56.163906000000004,hydro,
10124,RHEI,GBR0003552,Rheidol,"E_RHEI-1, E_RHEI-2, E_RHEI-3",-3.8992970000000002,52.396207000000004,hydro,55.975
10125,SLOY,GBR1000404,Sloy G,"M_SLOY-1, T_SLOY-2, T_SLOY-3, M_SLOY-4",-4.735107,56.200593000000005,hydro,152.5
10126,MANXENR,,Manx Power,E_MANXENR-1,,,gas,
10127,BRWE,,Bradwell,"T_BRWE-1, T_BRWE-2, T_BRWE-3, T_BRWE-4, T_BRWE-5, T_BRWE-6",0.89694,51.74139,nuclear,
10128,DUNG,,Dungeness A,"T_DUNG-1, T_DUNG-2, T_DUNG-3, T_DUNG-4",0.963889,50.913889000000005,nuclear,
10129,DNGB,GBR1000052,Dungeness B,"T_DNGB21, T_DNGB22",0.963889,50.913889000000005,nuclear,1050.0
10130,HRTL,GBR1000053,Hartlepool,"T_HRTL-1, T_HRTL-2",-1.098633,54.686533999999995,nuclear,1180.0
10131,HEYM1,GBR1000054,Heysham 1,"T_HEYM11, T_HEYM12",-2.916111111,54.02888889,nuclear,1155.0
10132,HEYM2,GBR1000055,Heysham 2,"T_HEYM27, T_HEYM28",-2.916111111,54.02888889,nuclear,1230.0
10133,HINB,GBR1000056,Hinkley Point B,"T_HINB-7, T_HINB-8",-3.317871,51.138001,nuclear,955.0
10134,HUNB,GBR1000057,Hunterston Generator,"T_HUNB-7, T_HUNB-8",-4.822998,55.646599,nuclear,965.0
10135,OLDS,,Oldbury,"T_OLDS1, T_OLDS2",-2.5708330000000004,51.648889000000004,nuclear,
10136,SIZEA,,Sizewell A,"T_SIZEA1, T_SIZEA2",1.61972,52.215,nuclear,
10137,SIZB,GBR1000058,Sizewell B,"T_SIZB-1, T_SIZB-2",1.571045,52.173932,nuclear,1198.0
10138,TORN,GBR1000059,Torness Generator,"T_TORN-1, T_TORN-2",-2.054443,55.813629000000006,nuclear,1185.0
10139,WYLF,,Wylfa,"T_WYLF-1, T_WYLF-2, T_WYLF-3, T_WYLF-4",-4.405518,53.370220999999994,nuclear,
10140,FAWL,,Fawley,"T_FAWL1, T_FAWL3, T_FAWL4",1.328881,50.816696,oil,
10141,LITTD,,Littlebrook D,"T_LITTD1, T_LITTD2, T_LITTD3",0.24166700000000002,51.465278000000005,oil,
10142,FIBRE,,Fibropower,E_FIBRE,-0.626267,51.523953000000006,biomass,
10143,CRUA,,Crauchan,"T_CRUA-1, T_CRUA-2, T_CRUA-3, T_CRUA-4",-5.218506,56.36525,hydro,
10144,DINO,GBR1000151,Dinorwig,"T_DINO-1, T_DINO-2, T_DINO-3, T_DINO-4, T_DINO-5, T_DINO-6",-3.966064,53.080827,hydro,1800.0
10145,FFES,GBR1000152,Ffestiniog,"T_FFES-1, T_FFES-2, T_FFES-3, T_FFES-4",-3.9770510000000003,53.008173,hydro,360.0
10146,FOYE,GBR2000657,Foyers G,"T_FOYE-1, T_FOYE-2",-4.361572,57.237449,hydro,300.0
10147,ACHRW,GBR0004331,AChruach Wind Farm,T_ACHRW-1,-5.393722,56.342859999999995,wind,42.6
10148,AKGLW,GBR0004332,Aikengall 2 Wind Farm Generation,T_AKGLW-2,-2.4929930000000002,55.923317000000004,wind,60.8
10149,AIRSW,,Airies Windfarm,E_AIRSW-1,-4.713441,54.970895999999996,wind,
10150,ASHWW,,Andershaw Wind Farm,E_ASHWW-1,-3.814161,55.514869999999995,wind,
10151,ANSUW,,An Suidhe Windfarm,T_ANSUW-1,-5.449219,56.065903000000006,wind,
10152,ARCHW,GBR0003258,Arecleoch Windfarm,T_ARCHW-1,-4.63623,55.14121,wind,120.0
10153,ASLVW,,Assel Valley Wind Farm,E_ASLVW-1,-4.825652,55.222814,wind,
10154,ABRTW,,Auchrobert Wind Farm,E_ABRTW-1,-3.988675,55.621764,wind,
10155,BABAW,GBR0004021,Baillie Wind Farm,E_BABAW-1,-4.372559,58.430482,wind,52.5
10156,BOWLW,GBR0002546,Barrow Offshore Windfarm,T_BOWLW-1,-3.2833330000000003,53.983332999999995,wind,90.0
10157,BTUIW,GBR0004525,Beinn An Tuirc 2 Windfarm,E_BTUIW-2,-5.537109,55.683779,wind,43.7
10158,BEINW,GBR0003787,Beinneun Wind Farm,T_BEINW-1,-4.789059,57.17555556,wind,85.0
10159,BETHW,,Beinn Tharsuinn,E_BETHW-1,-4.42749,58.077876,wind,
10160,BRYBW,GBR0004261,Berry Burn Windfarm,E_BRYBW-1,-3.966064,57.36209,wind,66.7
10161,BHLAW,GBR0004640,Bhlaraidh Windfarm 1,T_BHLAW-1,-4.668919,57.22303,wind,110.0
10162,BLKWW,,Blackcraig Windfarm,T_BLKWW-1,-4.033976,55.117955,wind,
10163,BLLA1,GBR0003116,Black Law Wind Farm,T_BLLA-1,-3.4826660000000005,55.590763,wind,124.2
10164,BLLA2,GBR0004253,Black Law Windfarm Extension,T_BLLA-2,-3.4826660000000005,55.590763,wind,55.42
10165,BODW,,Blyth Offshore Demonstrator Windfarm Generation,E_BODW-1,-1.401,55.131,wind,
10166,BRDUW,GBR0003119,Braes of Doune,E_BRDUW-1,-3.361816,56.419978,wind,72.0
10167,WISTW,GBR0004431,Brockloch Rig 2 Windfarm,T_WISTW-2,-4.141234,55.25515600000001,wind,61.5
10168,BRNLW,,Brownieleys Windfarm,E_BRNLW-1,-2.3745580000000004,56.844014,wind,
10169,BURBO,GBR0002487,Burbo Bank Offshore Windfarm,E_BURBO,-3.19582,53.487739000000005,wind,90.0
10170,BRBEO,GBR0002539,Burbo Bank Wind Farm Extension,T_BRBEO-1,-3.273,53.483999999999995,wind,258.0
10171,BNWKW,,Burn of Whilk Windfarm,E_BNWKW-1,-3.21433,58.351973,wind,
10172,PSTAT001,GBR0003951,Cairn Uish / Rothes Windfarm Extension,2__PSTAT001,-3.063895,57.504968000000005,wind,41.4
10173,PPGEN003,GBR0004006,Camster Wind Farm,2__PPGEN003,-3.2701290000000003,58.406935,wind,50.0
10174,CRGHW,GBR0004619,Carraig Gheal Wind Farm,T_CRGHW-1,-4.790039,56.389584,wind,46.0
10175,CLFLW,,Clachan Flats Windfarm,E_CLFLW-1,-4.957855,56.283062,wind,
10176,CLDRW,GBR0004623,Clashindarroch Wind Farm,E_CLDRW-1,-2.9223630000000003,57.308724,wind,36.9
10177,CLDW,GBR0004178,"Clyde Central Windfarm, Clyde North Windfarm, Clyde South Windfarm","T_CLDCW-1, T_CLDNW-1, T_CLDSW-1",-3.35083,55.310391,wind,522.0
10178,CGTHW,GBR0004664,Corriegarth Wind Farm,T_CGTHW-1,-4.3596379999999995,57.190084999999996,wind,69.0
10179,CRMLW,GBR0004120,Corriemoillie Wind Farm,T_CRMLW-1,-4.838531,57.694244999999995,wind,47.5
10180,COUWW,,Cour Wind Farm,T_COUWW-1,-5.484929,55.680679000000005,wind,
10181,CRYRW3,GBR0004215,Crystal Rig III Wind Farm,T_CRYRW-3,-2.39502,55.893795999999995,wind,13.8
10182,CRYRW2,GBR0003440,Crystal Rig Wind Farm - Phase 2,T_CRYRW-2,-2.39502,55.893795999999995,wind,138.0
10183,DALSW,,Dalswinton Wind Farm,E_DALSW-1,-3.6628190000000003,55.183662,wind,
10184,DRSLW,GBR0004269,Dersalloch Windfarm,T_DRSLW-1,-4.484173,55.311291000000004,wind,69.0
10185,DDGNO,,Dudgeon Offshore Wind Farm Generator,"T_DDGNO-1, T_DDGNO-2, T_DDGNO-3, T_DDGNO-4",1.39,53.248999999999995,wind,
10186,DNLWW,,Dun Law Extension Windfarm,T_DNLWW-1,-2.296143,55.776573,wind,
10187,DUNGW,,Dunmglass Wind Farm,T_DUNGW-1,-4.255802,57.25148000000001,wind,
10188,EDINW,GBR0004674,Edinbane Windfarm,T_EDINW-1,-6.229248,57.27904300000001,wind,41.0
10189,EWHLW,,Ewe Hill II Wind Farm,T_EWHLW-1,-3.205105,55.228662,wind,
10190,FALGW,GBR0004059,Fallago Rig Wind Farm,T_FALGW-1,-2.768555,55.93689499999999,wind,144.0
10191,FARR,GBR0004676,Farr Wind Farm,"T_FARR-1, T_FARR-2",-4.094167,57.325,wind,92.0
10192,FSDLW,,Freasdail Wind Farm,T_FSDLW-1,-5.479858999999999,55.780803000000006,wind,
10193,GLWSW,GBR0004368,Galawhistle Wind Farm,T_GLWSW-1,-3.921928,55.534273,wind,66.0
10194,GANW,,Galloper Offshore Windfarm 1,"T_GANW-11, T_GANW-13, T_GANW-22, T_GANW-24",2.035,51.893,wind,
10195,GNAPW,,Glen App Wind Farm,T_GNAPW-1,-5.026858,55.021378000000006,wind,
10196,GLCHW,,Glenchamber Wind Farm,E_GLCHW-1,-4.754334,54.96341999999999,wind,
10197,GLOFW,,Glens of Foudland,E_GLOFW-1,-2.878418,57.219607999999994,wind,
10198,GFLDW,,Goole Fields 1 Windfarm,E_GFLDW-1,-0.8724209999999999,53.668356,wind,
10199,GORDW,GBR0003662,Gordonbush Wind Farm,T_GORDW-1,-3.834229,58.066256,wind,70.0
10200,GDSTW,,Gordonstown Windfarm,E_GDSTW-1,-2.484139,57.460944,wind,
10201,GRGBW,GBR0002510,Greater Gabbard Offshore Windfarm,"T_GRGBW-1, T_GRGBW-2, T_GRGBW-3",1.7138669999999998,52.066,wind,504.0
10202,GRIFW,GBR0004028,Griffin Wind Farm,"T_GRIFW-1, T_GRIFW-2",-3.394775,56.529199,wind,188.6
10203,GNFSW0,GBR0002488,Gunfleet Sands Demo  3,E_GNFSW-3,1.174444,51.739444,wind,12.0
10204,GNFSW1,GBR0002490,Gunfleet Sands Windfarm  1,"E_GNFSW-1, T_GNFSW-1",1.174444,51.739444,wind,108.0
10205,GNFSW2,GBR0002489,Gunfleet Sands Windfarm  2,"E_GNFSW-2, T_GNFSW-2",1.174444,51.739444,wind,65.0
10206,GYMRW,GBR0002543,Gwynt y Mor Offshore Wind Farm,"T_GYMRW-1, T_GYMRW-2",-3.5839999999999996,53.458999999999996,wind,576.0
10207,GYMR,,Gwynt y Mor Wind Farm East 1,"T_GYMR-15, T_GYMR-17, T_GYMR-26, T_GYMR-28",-3.944092,53.376775,wind,
10208,HADHW,GBR0003109,Hadyard Hill Wind Farm,T_HADHW-1,-4.702148,55.247815,wind,119.6
10209,HBHDW,GBR0004225,Harburnhead Wind Farm,E_HBHDW-1,-3.547456,55.815259,wind,51.7
10210,HRHLW,,Hare Hill Extension Wind Farm,E_HRHLW-1,-4.054104,55.405691000000004,wind,
10211,HRSTW,GBR0004119,Harestanes Windfarm,T_HRSTW-1,-3.636475,55.229023,wind,136.0
10212,HLGLW,,Hill of Glaschyle Windfarm,E_HLGLW-1,-3.615587,57.51051999999999,wind,
10213,HLTWW,GBR0004014,Hill of Towie Windfarm ,E_HLTWW-1,-2.406006,57.486309,wind,48.3
10214,HMGTO,GBR0002544,Humber Offshore Wind Farm,"T_HMGTO-1, T_HMGTO-2",0.293,53.644,wind,219.0
10215,HYWDW,,Hywind Generator 1,E_HYWDW-1,-1.35,57.483000000000004,wind,
10216,KTHLW,,Keith Hill Windfarm,T_KTHLW-1,-2.825456,55.817271999999996,wind,
10217,KILBW,GBR0003202,Kilbraur Windfarm,T_KILBW-1,,,wind,47.5
10218,KLGLW,,Kilgallioch Wind Farm,T_KLGLW-1,-4.765280000000001,55.05,wind,
10219,LNCSW,GBR0002513,Lincs Offshore Wind Farm,"T_LNCSW-1, T_LNCSW-2, T_LNCSW-3",0.5273439999999999,53.265213,wind,270.0
10220,LCLTW,GBR0004123,Lochluichart Windfarm,T_LCLTW-1,-4.559326,57.73935,wind,69.0
10221,LARYW,GBR0002511,London Array Windfarm,"T_LARYW-1, T_LARYW-2, T_LARYW-3, T_LARYW-4",1.3623049999999999,51.645294,wind,630.0
10222,MKHLW,GBR0003260,Mark Hill Windfarm,T_MKHLW-1,-4.822998,55.160043,wind,56.0
10223,PSTAT002,GBR0004667,Mid Hill Windfarm,2__PSTAT002,-2.482026,56.964684999999996,wind,57.5
10224,MILWW,GBR0004682,Millennium Wind Farm,T_MILWW-1,-4.866943,57.219607999999994,wind,40.0
10225,MYGPW,,Minnygap Wind Farm,T_MYGPW-1,-3.5148019999999995,55.248768000000005,wind,
10226,MINSW,GBR0004517,Minsca Wind Farm,E_MINSW-1,-3.47168,55.040614,wind,36.8
10227,MOYE,,Moy Windfarm,E_MOYE-1,-4.064872,57.390303,wind,
10228,MOYEW,GBR0003647,Moy Windfarm,E_MOYEW-1,-4.052356,57.39099399999999,wind,60.0
10229,OMNDW,GBR0002509,Ormonde Windfarm,"E_OMNDW-1, T_OMNDW-1",-3.4,54.1,wind,150.0
10230,OMNDD,,Ormonde Windfarm Demand,E_OMNDD-1,-3.4,54.1,wind,
10231,PPGEN002,GBR0004687,Pauls Hill Windfarm,2__PPGEN002,-3.458196,57.451933,wind,64.0
10232,PNYCW,GBR0004595,Pen y Cymoedd Wind Farm,T_PNYCW-1,-3.5613580000000002,51.710658,wind,228.0
10233,RCBKO,GBR0002515,Race Bank Offshore Wind Farm,"T_RCBKO-1, T_RCBKO-2",0.841,53.276,wind,286.5
10234,RMPNO,,Rampion Offshore Windfarm,"T_RMPNO-1, T_RMPNO-2",-0.27,50.67,wind,
10235,RREW,GBR0002496,Robin Rigg East,T_RREW-1,-3.7166669999999997,54.75,wind,90.0
10236,RRWW,GBR0002497,Robin Rigg West,T_RRWW-1,-3.7166669999999997,54.75,wind,90.0
10237,PPGEN001,GBR0003534,Rothes (Cairn Uish) Wind Farm,2__PPGEN001,-3.063895,57.504968000000005,wind,51.0
10238,SANQW,,Sanquhar Community Wind Farm Generation,T_SANQW-1,-4.023363,55.322672999999995,wind,
10239,SHRSW,GBR0002512,Sheringham Shoals Windfarm  1,"E_SHRSW-1, T_SHRSW-1, E_SHRSW-2, T_SHRSW-2",1.147,53.135,wind,316.0
10240,STRNW,GBR0004625,Strathy North Wind Farm 1,T_STRNW-1,-3.89086,58.385270999999996,wind,67.65
10241,THNTW,,Thanet Offshore Wind,"E_THNTW-2, E_THNTW-1",1.6331,51.4306,wind,
10242,THNTO,GBR0002499,Thanet Offshore Windfarm,"T_THNTO-1, T_THNTO-2",1.461182,51.385495,wind,300.0
10243,TDBNW,,Toddleburn Wind Farm,T_TDBNW-1,-2.81,55.77,wind,
10244,TULWW,,Tullo,"E_TULWW-1, E_TULWW-2",-2.581787,56.662265000000005,wind,
10245,WLNYO,,Walney Offshore Windfarm (Extension),"T_WLNYO-3, T_WLNYO-4, T_WLNYO-2",-3.6035160000000004,53.981935,wind,
10246,WLNYW1,GBR0002500,Walney Offshore Windfarm  1,T_WLNYW-1,-3.522,54.044,wind,184.0
10247,WLNYW2,GBR0002506,Walney Offshore Windfarm  2,E_WLNYW-2,-3.522,54.044,wind,184.0
10248,WTMSO,GBR0002545,Westermost Rough Windfarm,T_WTMSO-1,0.6811520000000001,53.943155000000004,wind,210.0
10249,WTMSD,,Westermost Rough Windfarm Onshore Demand,T_WTMSD-1,0.149,53.805,wind,
10250,WDNSO,GBR0002519,West of Duddon Sands,"T_WDNSO-1, T_WDNSO-2",-3.768311,53.923751,wind,389.0
10251,WDNSW,,West of Duddon Sands,"T_WDNSW-1, T_WDNSW-2",-3.463,53.983000000000004,wind,
10252,WHILW1,GBR0003489,Whitelee Wind Farm,T_WHILW-1,-4.042969,55.702355000000004,wind,322.0
10253,WHILW2,GBR0003981,Whitelee Windfarm Extension,T_WHILW-2,-4.042969,55.702355000000004,wind,217.02
10254,AANGE,,nan,2__AANGE001,,,other,
10255,AFLEX,,nan,2__AFLEX001,,,other,
10256,ALIME,,nan,2__ALIME000,,,other,
10257,ALOND,,nan,2__ALOND001,,,other,
10258,BANGE,,nan,"2__BANGE001, 2__BANGE002",,,other,
10259,BFLEX,,nan,2__BFLEX001,,,other,
10260,BLIME,,nan,2__BLIME000,,,other,
10261,BUKPR,,nan,2__BUKPR001,,,other,
10262,DSMAR,,nan,2__DSMAR001,,,other,
10263,EANGE,,nan,2__EANGE001,,,other,
10264,EFLEX,,nan,2__EFLEX001,,,other,
10265,FANGE,,nan,2__FANGE001,,,other,
10266,FFLEX,,nan,2__FFLEX001,,,other,
10267,GANGE,,nan,"2__GANGE001, 2__GANGE002",,,other,
10268,HANGE,,nan,2__HANGE001,,,other,
10269,LSTAT,,nan,2__LSTAT001,,,other,
10270,MANGE,,nan,2__MANGE001,,,other,
10271,MFLEX,,nan,2__MFLEX001,,,other,
10272,MSMAR,,nan,2__MSMAR001,,,other,
10273,ALCOA,,nan,E_ALCOA-1,,,other,
10274,ARNKB,,Bloxwich,E_ARNKB-1,-2.0043,52.6147,other,
10275,BURGH,,nan,E_BURGH-1,,,other,
10276,CHICK,,nan,E_CHICK-1,,,other,
10277,CRGTW,,nan,E_CRGTW-1,,,wind,
10278,CRSSB,,Carnegie Road,E_CRSSB-1,-2.927052,53.420054,other,
10279,LCHWT,,Letchworth,E_LCHWT-1,-0.201175,51.982208,gas,
10280,LSTWY,,nan,E_LSTWY-1,,,gas,
10281,RDFRB,,nan,E_RDFRB-1,,,gas,
10282,RDFRD,,nan,E_RDFRD-1,,,gas,
10283,ROOSB,,nan,E_ROOSB-1,,,other,
10284,STLGW,,Stronelairg Windfarm,"T_STLGW-1, T_STLGW-2",-4.461346,57.09986899999999,wind,
10285,TDRVE,,nan,E_TDRVE-1,,,gas,
10286,TRFPK,,nan,E_TRFPK-1,,,gas,
10287,WTRLN,,nan,E_WTRLN-1,,,gas,
